id_dispositivo,tipo_dispositivo,id_casa,estado
681e3c0c5571c3cd6e0f011f,aire_acondicionado,681e3c0c5571c3cd6e0f011e,activo
681e3c0c5571c3cd6e0f0125,aire_acondicionado,681e3c0c5571c3cd6e0f011e,activo
681e3c0c5571c3cd6e0f0129,aire_acondicionado,681e3c0c5571c3cd6e0f011e,desactivo
681e3c0c5571c3cd6e0f012b,bombilla,681e3c0c5571c3cd6e0f011e,activo
681e3c0c5571c3cd6e0f012d,bombilla,681e3c0c5571c3cd6e0f011e,activo
681e3c0c5571c3cd6e0f0131,bombilla,681e3c0c5571c3cd6e0f011e,desactivo
681e3c0c5571c3cd6e0f0133,bombilla,681e3c0c5571c3cd6e0f011e,activo
681e3c0c5571c3cd6e0f0138,bombilla,681e3c0c5571c3cd6e0f011e,desactivo
681e3c0c5571c3cd6e0f013c,bombilla,681e3c0c5571c3cd6e0f011e,activo
681e3c0c5571c3cd6e0f013e,bombilla,681e3c0c5571c3cd6e0f011e,activo
681e3c0c5571c3cd6e0f0140,bombilla,681e3c0c5571c3cd6e0f011e,activo
681e3c0c5571c3cd6e0f0143,bombilla,681e3c0c5571c3cd6e0f011e,desactivo
681e3c0c5571c3cd6e0f0146,bombilla,681e3c0c5571c3cd6e0f011e,desactivo
681e3c0c5571c3cd6e0f014b,bombilla,681e3c0c5571c3cd6e0f011e,desactivo
681e3c0c5571c3cd6e0f014d,bombilla,681e3c0c5571c3cd6e0f011e,activo
681e3c0c5571c3cd6e0f0151,bombilla,681e3c0c5571c3cd6e0f011e,desactivo
681e3c0c5571c3cd6e0f0153,cerradura,681e3c0c5571c3cd6e0f011e,activo
681e3c0c5571c3cd6e0f0158,cerradura,681e3c0c5571c3cd6e0f011e,activo
681e3c0c5571c3cd6e0f015d,cerradura,681e3c0c5571c3cd6e0f011e,desactivo
681e3c0c5571c3cd6e0f0162,refrigerador,681e3c0c5571c3cd6e0f011e,desactivo
681e3c0c5571c3cd6e0f0165,refrigerador,681e3c0c5571c3cd6e0f011e,desactivo
681e3c0c5571c3cd6e0f016b,lavadora,681e3c0c5571c3cd6e0f011e,desactivo
681e3c0c5571c3cd6e0f0171,lavadora,681e3c0c5571c3cd6e0f011e,desactivo
681e3c0c5571c3cd6e0f0175,aire_acondicionado,681e3c0c5571c3cd6e0f0174,activo
681e3c0c5571c3cd6e0f0178,aire_acondicionado,681e3c0c5571c3cd6e0f0174,desactivo
681e3c0c5571c3cd6e0f017e,bombilla,681e3c0c5571c3cd6e0f0174,activo
681e3c0c5571c3cd6e0f0183,bombilla,681e3c0c5571c3cd6e0f0174,activo
681e3c0c5571c3cd6e0f0185,bombilla,681e3c0c5571c3cd6e0f0174,activo
681e3c0c5571c3cd6e0f0188,bombilla,681e3c0c5571c3cd6e0f0174,desactivo
681e3c0c5571c3cd6e0f018a,bombilla,681e3c0c5571c3cd6e0f0174,activo
681e3c0c5571c3cd6e0f018f,cerradura,681e3c0c5571c3cd6e0f0174,desactivo
681e3c0c5571c3cd6e0f0194,cerradura,681e3c0c5571c3cd6e0f0174,desactivo
681e3c0c5571c3cd6e0f0199,cerradura,681e3c0c5571c3cd6e0f0174,activo
681e3c0c5571c3cd6e0f019f,cerradura,681e3c0c5571c3cd6e0f0174,desactivo
681e3c0c5571c3cd6e0f01a2,cerradura,681e3c0c5571c3cd6e0f0174,desactivo
681e3c0c5571c3cd6e0f01a6,cerradura,681e3c0c5571c3cd6e0f0174,desactivo
681e3c0c5571c3cd6e0f01ab,aspiradora,681e3c0c5571c3cd6e0f0174,activo
681e3c0c5571c3cd6e0f01ae,refrigerador,681e3c0c5571c3cd6e0f0174,activo
681e3c0c5571c3cd6e0f01b1,refrigerador,681e3c0c5571c3cd6e0f0174,activo
681e3c0c5571c3cd6e0f01b5,lavadora,681e3c0c5571c3cd6e0f0174,desactivo
681e3c0c5571c3cd6e0f01b9,aire_acondicionado,681e3c0c5571c3cd6e0f01b8,activo
681e3c0c5571c3cd6e0f01bc,bombilla,681e3c0c5571c3cd6e0f01b8,activo
681e3c0c5571c3cd6e0f01bf,bombilla,681e3c0c5571c3cd6e0f01b8,activo
681e3c0c5571c3cd6e0f01c4,bombilla,681e3c0c5571c3cd6e0f01b8,desactivo
681e3c0c5571c3cd6e0f01ca,bombilla,681e3c0c5571c3cd6e0f01b8,activo
681e3c0c5571c3cd6e0f01cd,bombilla,681e3c0c5571c3cd6e0f01b8,activo
681e3c0c5571c3cd6e0f01d2,bombilla,681e3c0c5571c3cd6e0f01b8,activo
681e3c0c5571c3cd6e0f01d8,cerradura,681e3c0c5571c3cd6e0f01b8,activo
681e3c0c5571c3cd6e0f01dd,refrigerador,681e3c0c5571c3cd6e0f01b8,activo
681e3c0c5571c3cd6e0f01e0,lavadora,681e3c0c5571c3cd6e0f01b8,activo
681e3c0c5571c3cd6e0f01e3,lavadora,681e3c0c5571c3cd6e0f01b8,activo
681e3c0c5571c3cd6e0f01e7,aire_acondicionado,681e3c0c5571c3cd6e0f01e6,activo
681e3c0c5571c3cd6e0f01ed,bombilla,681e3c0c5571c3cd6e0f01e6,desactivo
681e3c0c5571c3cd6e0f01f3,bombilla,681e3c0c5571c3cd6e0f01e6,desactivo
681e3c0c5571c3cd6e0f01f9,bombilla,681e3c0c5571c3cd6e0f01e6,desactivo
681e3c0c5571c3cd6e0f01fd,bombilla,681e3c0c5571c3cd6e0f01e6,desactivo
681e3c0c5571c3cd6e0f01ff,bombilla,681e3c0c5571c3cd6e0f01e6,activo
681e3c0c5571c3cd6e0f0201,bombilla,681e3c0c5571c3cd6e0f01e6,activo
681e3c0c5571c3cd6e0f0205,bombilla,681e3c0c5571c3cd6e0f01e6,desactivo
681e3c0c5571c3cd6e0f0208,bombilla,681e3c0c5571c3cd6e0f01e6,desactivo
681e3c0c5571c3cd6e0f020c,bombilla,681e3c0c5571c3cd6e0f01e6,desactivo
681e3c0c5571c3cd6e0f0211,bombilla,681e3c0c5571c3cd6e0f01e6,activo
681e3c0c5571c3cd6e0f0214,bombilla,681e3c0c5571c3cd6e0f01e6,activo
681e3c0c5571c3cd6e0f0218,bombilla,681e3c0c5571c3cd6e0f01e6,desactivo
681e3c0c5571c3cd6e0f021c,bombilla,681e3c0c5571c3cd6e0f01e6,activo
681e3c0c5571c3cd6e0f021f,bombilla,681e3c0c5571c3cd6e0f01e6,desactivo
681e3c0c5571c3cd6e0f0225,cerradura,681e3c0c5571c3cd6e0f01e6,desactivo
681e3c0c5571c3cd6e0f0227,aspiradora,681e3c0c5571c3cd6e0f01e6,activo
681e3c0c5571c3cd6e0f022a,aspiradora,681e3c0c5571c3cd6e0f01e6,desactivo
681e3c0c5571c3cd6e0f0230,refrigerador,681e3c0c5571c3cd6e0f01e6,desactivo
681e3c0c5571c3cd6e0f0232,refrigerador,681e3c0c5571c3cd6e0f01e6,activo
681e3c0c5571c3cd6e0f0236,lavadora,681e3c0c5571c3cd6e0f01e6,activo
681e3c0c5571c3cd6e0f023b,lavadora,681e3c0c5571c3cd6e0f01e6,activo
681e3c0c5571c3cd6e0f0241,aire_acondicionado,681e3c0c5571c3cd6e0f0240,activo
681e3c0c5571c3cd6e0f0247,bombilla,681e3c0c5571c3cd6e0f0240,desactivo
681e3c0c5571c3cd6e0f024b,bombilla,681e3c0c5571c3cd6e0f0240,activo
681e3c0c5571c3cd6e0f024f,bombilla,681e3c0c5571c3cd6e0f0240,activo
681e3c0c5571c3cd6e0f0251,bombilla,681e3c0c5571c3cd6e0f0240,desactivo
681e3c0c5571c3cd6e0f0254,bombilla,681e3c0c5571c3cd6e0f0240,activo
681e3c0c5571c3cd6e0f0259,bombilla,681e3c0c5571c3cd6e0f0240,activo
681e3c0c5571c3cd6e0f025f,bombilla,681e3c0c5571c3cd6e0f0240,desactivo
681e3c0c5571c3cd6e0f0261,bombilla,681e3c0c5571c3cd6e0f0240,desactivo
681e3c0c5571c3cd6e0f0264,bombilla,681e3c0c5571c3cd6e0f0240,activo
681e3c0c5571c3cd6e0f0267,bombilla,681e3c0c5571c3cd6e0f0240,desactivo
681e3c0c5571c3cd6e0f0269,bombilla,681e3c0c5571c3cd6e0f0240,activo
681e3c0c5571c3cd6e0f026f,bombilla,681e3c0c5571c3cd6e0f0240,desactivo
681e3c0c5571c3cd6e0f0271,bombilla,681e3c0c5571c3cd6e0f0240,activo
681e3c0c5571c3cd6e0f0277,bombilla,681e3c0c5571c3cd6e0f0240,desactivo
681e3c0c5571c3cd6e0f027a,cerradura,681e3c0c5571c3cd6e0f0240,desactivo
681e3c0c5571c3cd6e0f0280,aspiradora,681e3c0c5571c3cd6e0f0240,desactivo
681e3c0c5571c3cd6e0f0284,refrigerador,681e3c0c5571c3cd6e0f0240,desactivo
681e3c0c5571c3cd6e0f028a,refrigerador,681e3c0c5571c3cd6e0f0240,activo
681e3c0c5571c3cd6e0f028e,lavadora,681e3c0c5571c3cd6e0f0240,activo
681e3c0c5571c3cd6e0f0293,aire_acondicionado,681e3c0c5571c3cd6e0f0292,activo
681e3c0c5571c3cd6e0f0299,aire_acondicionado,681e3c0c5571c3cd6e0f0292,desactivo
681e3c0c5571c3cd6e0f029e,aire_acondicionado,681e3c0c5571c3cd6e0f0292,desactivo
681e3c0c5571c3cd6e0f02a4,bombilla,681e3c0c5571c3cd6e0f0292,activo
681e3c0c5571c3cd6e0f02a6,bombilla,681e3c0c5571c3cd6e0f0292,activo
681e3c0c5571c3cd6e0f02a9,bombilla,681e3c0c5571c3cd6e0f0292,activo
681e3c0c5571c3cd6e0f02ab,bombilla,681e3c0c5571c3cd6e0f0292,desactivo
681e3c0c5571c3cd6e0f02b0,bombilla,681e3c0c5571c3cd6e0f0292,activo
681e3c0c5571c3cd6e0f02b2,bombilla,681e3c0c5571c3cd6e0f0292,activo
681e3c0c5571c3cd6e0f02b8,bombilla,681e3c0c5571c3cd6e0f0292,desactivo
681e3c0c5571c3cd6e0f02ba,bombilla,681e3c0c5571c3cd6e0f0292,activo
681e3c0c5571c3cd6e0f02bd,bombilla,681e3c0c5571c3cd6e0f0292,activo
681e3c0c5571c3cd6e0f02bf,cerradura,681e3c0c5571c3cd6e0f0292,desactivo
681e3c0c5571c3cd6e0f02c3,cerradura,681e3c0c5571c3cd6e0f0292,activo
681e3c0c5571c3cd6e0f02c7,cerradura,681e3c0c5571c3cd6e0f0292,activo
681e3c0c5571c3cd6e0f02cc,aspiradora,681e3c0c5571c3cd6e0f0292,desactivo
681e3c0c5571c3cd6e0f02d1,aspiradora,681e3c0c5571c3cd6e0f0292,desactivo
681e3c0c5571c3cd6e0f02d4,refrigerador,681e3c0c5571c3cd6e0f0292,desactivo
681e3c0c5571c3cd6e0f02d9,lavadora,681e3c0c5571c3cd6e0f0292,desactivo
681e3c0c5571c3cd6e0f02e0,aire_acondicionado,681e3c0c5571c3cd6e0f02df,activo
681e3c0c5571c3cd6e0f02e6,bombilla,681e3c0c5571c3cd6e0f02df,desactivo
681e3c0c5571c3cd6e0f02eb,bombilla,681e3c0c5571c3cd6e0f02df,activo
681e3c0c5571c3cd6e0f02ef,bombilla,681e3c0c5571c3cd6e0f02df,desactivo
681e3c0c5571c3cd6e0f02f4,bombilla,681e3c0c5571c3cd6e0f02df,activo
681e3c0c5571c3cd6e0f02fa,bombilla,681e3c0c5571c3cd6e0f02df,activo
681e3c0c5571c3cd6e0f02fe,bombilla,681e3c0c5571c3cd6e0f02df,desactivo
681e3c0c5571c3cd6e0f0300,bombilla,681e3c0c5571c3cd6e0f02df,desactivo
681e3c0c5571c3cd6e0f0304,bombilla,681e3c0c5571c3cd6e0f02df,desactivo
681e3c0c5571c3cd6e0f030a,bombilla,681e3c0c5571c3cd6e0f02df,desactivo
681e3c0c5571c3cd6e0f030e,bombilla,681e3c0c5571c3cd6e0f02df,activo
681e3c0c5571c3cd6e0f0314,bombilla,681e3c0c5571c3cd6e0f02df,activo
681e3c0c5571c3cd6e0f0316,bombilla,681e3c0c5571c3cd6e0f02df,activo
681e3c0c5571c3cd6e0f031c,bombilla,681e3c0c5571c3cd6e0f02df,desactivo
681e3c0c5571c3cd6e0f0322,bombilla,681e3c0c5571c3cd6e0f02df,desactivo
681e3c0c5571c3cd6e0f0324,cerradura,681e3c0c5571c3cd6e0f02df,activo
681e3c0c5571c3cd6e0f0328,cerradura,681e3c0c5571c3cd6e0f02df,desactivo
681e3c0c5571c3cd6e0f032a,cerradura,681e3c0c5571c3cd6e0f02df,desactivo
681e3c0c5571c3cd6e0f032d,cerradura,681e3c0c5571c3cd6e0f02df,desactivo
681e3c0c5571c3cd6e0f032f,aspiradora,681e3c0c5571c3cd6e0f02df,activo
681e3c0c5571c3cd6e0f0335,aspiradora,681e3c0c5571c3cd6e0f02df,desactivo
681e3c0c5571c3cd6e0f0337,refrigerador,681e3c0c5571c3cd6e0f02df,desactivo
681e3c0c5571c3cd6e0f033b,lavadora,681e3c0c5571c3cd6e0f02df,activo
681e3c0c5571c3cd6e0f0341,aire_acondicionado,681e3c0c5571c3cd6e0f0340,activo
681e3c0c5571c3cd6e0f0346,aire_acondicionado,681e3c0c5571c3cd6e0f0340,desactivo
681e3c0c5571c3cd6e0f034c,bombilla,681e3c0c5571c3cd6e0f0340,desactivo
681e3c0c5571c3cd6e0f0350,bombilla,681e3c0c5571c3cd6e0f0340,desactivo
681e3c0c5571c3cd6e0f0355,bombilla,681e3c0c5571c3cd6e0f0340,activo
681e3c0c5571c3cd6e0f035b,bombilla,681e3c0c5571c3cd6e0f0340,desactivo
681e3c0c5571c3cd6e0f035f,bombilla,681e3c0c5571c3cd6e0f0340,desactivo
681e3c0c5571c3cd6e0f0361,bombilla,681e3c0c5571c3cd6e0f0340,activo
681e3c0c5571c3cd6e0f0365,bombilla,681e3c0c5571c3cd6e0f0340,desactivo
681e3c0c5571c3cd6e0f0368,bombilla,681e3c0c5571c3cd6e0f0340,desactivo
681e3c0c5571c3cd6e0f036a,bombilla,681e3c0c5571c3cd6e0f0340,desactivo
681e3c0c5571c3cd6e0f036c,bombilla,681e3c0c5571c3cd6e0f0340,activo
681e3c0c5571c3cd6e0f0370,bombilla,681e3c0c5571c3cd6e0f0340,desactivo
681e3c0c5571c3cd6e0f0376,cerradura,681e3c0c5571c3cd6e0f0340,desactivo
681e3c0c5571c3cd6e0f037b,cerradura,681e3c0c5571c3cd6e0f0340,desactivo
681e3c0c5571c3cd6e0f037e,cerradura,681e3c0c5571c3cd6e0f0340,desactivo
681e3c0c5571c3cd6e0f0380,cerradura,681e3c0c5571c3cd6e0f0340,activo
681e3c0c5571c3cd6e0f0383,refrigerador,681e3c0c5571c3cd6e0f0340,activo
681e3c0c5571c3cd6e0f0385,lavadora,681e3c0c5571c3cd6e0f0340,activo
681e3c0c5571c3cd6e0f0387,lavadora,681e3c0c5571c3cd6e0f0340,desactivo
681e3c0c5571c3cd6e0f038a,aire_acondicionado,681e3c0c5571c3cd6e0f0389,desactivo
681e3c0c5571c3cd6e0f038f,bombilla,681e3c0c5571c3cd6e0f0389,desactivo
681e3c0c5571c3cd6e0f0395,bombilla,681e3c0c5571c3cd6e0f0389,activo
681e3c0c5571c3cd6e0f0398,bombilla,681e3c0c5571c3cd6e0f0389,activo
681e3c0c5571c3cd6e0f039c,bombilla,681e3c0c5571c3cd6e0f0389,activo
681e3c0c5571c3cd6e0f03a2,bombilla,681e3c0c5571c3cd6e0f0389,desactivo
681e3c0c5571c3cd6e0f03a8,bombilla,681e3c0c5571c3cd6e0f0389,activo
681e3c0c5571c3cd6e0f03aa,bombilla,681e3c0c5571c3cd6e0f0389,activo
681e3c0c5571c3cd6e0f03b0,bombilla,681e3c0c5571c3cd6e0f0389,activo
681e3c0c5571c3cd6e0f03b2,bombilla,681e3c0c5571c3cd6e0f0389,activo
681e3c0c5571c3cd6e0f03b7,bombilla,681e3c0c5571c3cd6e0f0389,desactivo
681e3c0c5571c3cd6e0f03bd,cerradura,681e3c0c5571c3cd6e0f0389,desactivo
681e3c0c5571c3cd6e0f03bf,cerradura,681e3c0c5571c3cd6e0f0389,desactivo
681e3c0c5571c3cd6e0f03c5,cerradura,681e3c0c5571c3cd6e0f0389,desactivo
681e3c0c5571c3cd6e0f03c8,aspiradora,681e3c0c5571c3cd6e0f0389,desactivo
681e3c0c5571c3cd6e0f03cc,aspiradora,681e3c0c5571c3cd6e0f0389,activo
681e3c0c5571c3cd6e0f03d2,refrigerador,681e3c0c5571c3cd6e0f0389,activo
681e3c0c5571c3cd6e0f03d5,refrigerador,681e3c0c5571c3cd6e0f0389,activo
681e3c0d5571c3cd6e0f03da,lavadora,681e3c0c5571c3cd6e0f0389,activo
681e3c0d5571c3cd6e0f03de,aire_acondicionado,681e3c0d5571c3cd6e0f03dd,desactivo
681e3c0d5571c3cd6e0f03e1,bombilla,681e3c0d5571c3cd6e0f03dd,desactivo
681e3c0d5571c3cd6e0f03e3,bombilla,681e3c0d5571c3cd6e0f03dd,desactivo
681e3c0d5571c3cd6e0f03e9,bombilla,681e3c0d5571c3cd6e0f03dd,activo
681e3c0d5571c3cd6e0f03ef,bombilla,681e3c0d5571c3cd6e0f03dd,activo
681e3c0d5571c3cd6e0f03f2,bombilla,681e3c0d5571c3cd6e0f03dd,desactivo
681e3c0d5571c3cd6e0f03f4,bombilla,681e3c0d5571c3cd6e0f03dd,desactivo
681e3c0d5571c3cd6e0f03f8,bombilla,681e3c0d5571c3cd6e0f03dd,activo
681e3c0d5571c3cd6e0f03fc,bombilla,681e3c0d5571c3cd6e0f03dd,desactivo
681e3c0d5571c3cd6e0f03fe,bombilla,681e3c0d5571c3cd6e0f03dd,activo
681e3c0d5571c3cd6e0f0400,bombilla,681e3c0d5571c3cd6e0f03dd,activo
681e3c0d5571c3cd6e0f0403,bombilla,681e3c0d5571c3cd6e0f03dd,activo
681e3c0d5571c3cd6e0f0407,bombilla,681e3c0d5571c3cd6e0f03dd,desactivo
681e3c0d5571c3cd6e0f040c,bombilla,681e3c0d5571c3cd6e0f03dd,desactivo
681e3c0d5571c3cd6e0f040e,bombilla,681e3c0d5571c3cd6e0f03dd,activo
681e3c0d5571c3cd6e0f0411,cerradura,681e3c0d5571c3cd6e0f03dd,desactivo
681e3c0d5571c3cd6e0f0415,cerradura,681e3c0d5571c3cd6e0f03dd,desactivo
681e3c0d5571c3cd6e0f0417,cerradura,681e3c0d5571c3cd6e0f03dd,activo
681e3c0d5571c3cd6e0f041c,aspiradora,681e3c0d5571c3cd6e0f03dd,activo
681e3c0d5571c3cd6e0f0421,aspiradora,681e3c0d5571c3cd6e0f03dd,activo
681e3c0d5571c3cd6e0f0424,refrigerador,681e3c0d5571c3cd6e0f03dd,desactivo
681e3c0d5571c3cd6e0f0427,refrigerador,681e3c0d5571c3cd6e0f03dd,activo
681e3c0d5571c3cd6e0f042d,lavadora,681e3c0d5571c3cd6e0f03dd,desactivo
681e3c0d5571c3cd6e0f0431,lavadora,681e3c0d5571c3cd6e0f03dd,activo
681e3c0d5571c3cd6e0f0437,aire_acondicionado,681e3c0d5571c3cd6e0f0436,activo
681e3c0d5571c3cd6e0f0439,aire_acondicionado,681e3c0d5571c3cd6e0f0436,activo
681e3c0d5571c3cd6e0f043f,bombilla,681e3c0d5571c3cd6e0f0436,activo
681e3c0d5571c3cd6e0f0442,bombilla,681e3c0d5571c3cd6e0f0436,desactivo
681e3c0d5571c3cd6e0f0445,bombilla,681e3c0d5571c3cd6e0f0436,activo
681e3c0d5571c3cd6e0f0449,bombilla,681e3c0d5571c3cd6e0f0436,desactivo
681e3c0d5571c3cd6e0f044f,bombilla,681e3c0d5571c3cd6e0f0436,desactivo
681e3c0d5571c3cd6e0f0454,bombilla,681e3c0d5571c3cd6e0f0436,desactivo
681e3c0d5571c3cd6e0f0457,cerradura,681e3c0d5571c3cd6e0f0436,activo
681e3c0d5571c3cd6e0f0459,cerradura,681e3c0d5571c3cd6e0f0436,activo
681e3c0d5571c3cd6e0f045b,cerradura,681e3c0d5571c3cd6e0f0436,desactivo
681e3c0d5571c3cd6e0f0460,cerradura,681e3c0d5571c3cd6e0f0436,activo
681e3c0d5571c3cd6e0f0464,cerradura,681e3c0d5571c3cd6e0f0436,activo
681e3c0d5571c3cd6e0f0466,aspiradora,681e3c0d5571c3cd6e0f0436,desactivo
681e3c0d5571c3cd6e0f046c,refrigerador,681e3c0d5571c3cd6e0f0436,activo
681e3c0d5571c3cd6e0f046e,refrigerador,681e3c0d5571c3cd6e0f0436,desactivo
681e3c0d5571c3cd6e0f0471,lavadora,681e3c0d5571c3cd6e0f0436,activo
681e3c0d5571c3cd6e0f0474,lavadora,681e3c0d5571c3cd6e0f0436,desactivo
681e3c0d5571c3cd6e0f0477,aire_acondicionado,681e3c0d5571c3cd6e0f0476,desactivo
681e3c0d5571c3cd6e0f047b,aire_acondicionado,681e3c0d5571c3cd6e0f0476,desactivo
681e3c0d5571c3cd6e0f047e,aire_acondicionado,681e3c0d5571c3cd6e0f0476,activo
681e3c0d5571c3cd6e0f0484,bombilla,681e3c0d5571c3cd6e0f0476,desactivo
681e3c0d5571c3cd6e0f048a,bombilla,681e3c0d5571c3cd6e0f0476,activo
681e3c0d5571c3cd6e0f048d,bombilla,681e3c0d5571c3cd6e0f0476,desactivo
681e3c0d5571c3cd6e0f0492,bombilla,681e3c0d5571c3cd6e0f0476,activo
681e3c0d5571c3cd6e0f0494,bombilla,681e3c0d5571c3cd6e0f0476,desactivo
681e3c0d5571c3cd6e0f0496,bombilla,681e3c0d5571c3cd6e0f0476,desactivo
681e3c0d5571c3cd6e0f049b,cerradura,681e3c0d5571c3cd6e0f0476,desactivo
681e3c0d5571c3cd6e0f049f,aspiradora,681e3c0d5571c3cd6e0f0476,activo
681e3c0d5571c3cd6e0f04a5,aspiradora,681e3c0d5571c3cd6e0f0476,activo
681e3c0d5571c3cd6e0f04ab,refrigerador,681e3c0d5571c3cd6e0f0476,activo
681e3c0d5571c3cd6e0f04b1,lavadora,681e3c0d5571c3cd6e0f0476,activo
681e3c0d5571c3cd6e0f04b5,aire_acondicionado,681e3c0d5571c3cd6e0f04b4,activo
681e3c0d5571c3cd6e0f04b7,bombilla,681e3c0d5571c3cd6e0f04b4,activo
681e3c0d5571c3cd6e0f04bb,bombilla,681e3c0d5571c3cd6e0f04b4,desactivo
681e3c0d5571c3cd6e0f04bd,bombilla,681e3c0d5571c3cd6e0f04b4,desactivo
681e3c0d5571c3cd6e0f04bf,bombilla,681e3c0d5571c3cd6e0f04b4,desactivo
681e3c0d5571c3cd6e0f04c4,bombilla,681e3c0d5571c3cd6e0f04b4,activo
681e3c0d5571c3cd6e0f04c8,bombilla,681e3c0d5571c3cd6e0f04b4,desactivo
681e3c0d5571c3cd6e0f04ce,bombilla,681e3c0d5571c3cd6e0f04b4,activo
681e3c0d5571c3cd6e0f04d3,bombilla,681e3c0d5571c3cd6e0f04b4,activo
681e3c0d5571c3cd6e0f04d7,bombilla,681e3c0d5571c3cd6e0f04b4,desactivo
681e3c0d5571c3cd6e0f04da,bombilla,681e3c0d5571c3cd6e0f04b4,desactivo
681e3c0d5571c3cd6e0f04dd,bombilla,681e3c0d5571c3cd6e0f04b4,activo
681e3c0d5571c3cd6e0f04e1,bombilla,681e3c0d5571c3cd6e0f04b4,desactivo
681e3c0d5571c3cd6e0f04e6,cerradura,681e3c0d5571c3cd6e0f04b4,desactivo
681e3c0d5571c3cd6e0f04ec,aspiradora,681e3c0d5571c3cd6e0f04b4,desactivo
681e3c0d5571c3cd6e0f04ee,refrigerador,681e3c0d5571c3cd6e0f04b4,activo
681e3c0d5571c3cd6e0f04f3,refrigerador,681e3c0d5571c3cd6e0f04b4,desactivo
681e3c0d5571c3cd6e0f04f8,lavadora,681e3c0d5571c3cd6e0f04b4,activo
681e3c0d5571c3cd6e0f04fd,lavadora,681e3c0d5571c3cd6e0f04b4,desactivo
681e3c0d5571c3cd6e0f0504,aire_acondicionado,681e3c0d5571c3cd6e0f0503,activo
681e3c0d5571c3cd6e0f0507,aire_acondicionado,681e3c0d5571c3cd6e0f0503,activo
681e3c0d5571c3cd6e0f050a,aire_acondicionado,681e3c0d5571c3cd6e0f0503,activo
681e3c0d5571c3cd6e0f050c,bombilla,681e3c0d5571c3cd6e0f0503,activo
681e3c0d5571c3cd6e0f0511,bombilla,681e3c0d5571c3cd6e0f0503,desactivo
681e3c0d5571c3cd6e0f0517,bombilla,681e3c0d5571c3cd6e0f0503,desactivo
681e3c0d5571c3cd6e0f051a,bombilla,681e3c0d5571c3cd6e0f0503,activo
681e3c0d5571c3cd6e0f051e,bombilla,681e3c0d5571c3cd6e0f0503,activo
681e3c0d5571c3cd6e0f0522,bombilla,681e3c0d5571c3cd6e0f0503,activo
681e3c0d5571c3cd6e0f0524,bombilla,681e3c0d5571c3cd6e0f0503,activo
681e3c0d5571c3cd6e0f0529,bombilla,681e3c0d5571c3cd6e0f0503,activo
681e3c0d5571c3cd6e0f052b,bombilla,681e3c0d5571c3cd6e0f0503,activo
681e3c0d5571c3cd6e0f0531,bombilla,681e3c0d5571c3cd6e0f0503,activo
681e3c0d5571c3cd6e0f0534,bombilla,681e3c0d5571c3cd6e0f0503,desactivo
681e3c0d5571c3cd6e0f0536,bombilla,681e3c0d5571c3cd6e0f0503,desactivo
681e3c0d5571c3cd6e0f0538,bombilla,681e3c0d5571c3cd6e0f0503,activo
681e3c0d5571c3cd6e0f053a,bombilla,681e3c0d5571c3cd6e0f0503,desactivo
681e3c0d5571c3cd6e0f053f,bombilla,681e3c0d5571c3cd6e0f0503,desactivo
681e3c0d5571c3cd6e0f0545,cerradura,681e3c0d5571c3cd6e0f0503,activo
681e3c0d5571c3cd6e0f054a,cerradura,681e3c0d5571c3cd6e0f0503,desactivo
681e3c0d5571c3cd6e0f054c,cerradura,681e3c0d5571c3cd6e0f0503,desactivo
681e3c0d5571c3cd6e0f0551,cerradura,681e3c0d5571c3cd6e0f0503,desactivo
681e3c0d5571c3cd6e0f0553,cerradura,681e3c0d5571c3cd6e0f0503,desactivo
681e3c0d5571c3cd6e0f0558,aspiradora,681e3c0d5571c3cd6e0f0503,activo
681e3c0d5571c3cd6e0f055c,aspiradora,681e3c0d5571c3cd6e0f0503,activo
681e3c0d5571c3cd6e0f055f,refrigerador,681e3c0d5571c3cd6e0f0503,activo
681e3c0d5571c3cd6e0f0562,lavadora,681e3c0d5571c3cd6e0f0503,activo
681e3c0d5571c3cd6e0f0568,lavadora,681e3c0d5571c3cd6e0f0503,activo
681e3c0d5571c3cd6e0f056c,aire_acondicionado,681e3c0d5571c3cd6e0f056b,desactivo
681e3c0d5571c3cd6e0f056f,aire_acondicionado,681e3c0d5571c3cd6e0f056b,desactivo
681e3c0d5571c3cd6e0f0575,bombilla,681e3c0d5571c3cd6e0f056b,desactivo
681e3c0d5571c3cd6e0f0577,bombilla,681e3c0d5571c3cd6e0f056b,desactivo
681e3c0d5571c3cd6e0f0579,bombilla,681e3c0d5571c3cd6e0f056b,desactivo
681e3c0d5571c3cd6e0f057c,bombilla,681e3c0d5571c3cd6e0f056b,activo
681e3c0d5571c3cd6e0f057f,bombilla,681e3c0d5571c3cd6e0f056b,activo
681e3c0d5571c3cd6e0f0583,bombilla,681e3c0d5571c3cd6e0f056b,desactivo
681e3c0d5571c3cd6e0f0588,bombilla,681e3c0d5571c3cd6e0f056b,desactivo
681e3c0d5571c3cd6e0f058e,bombilla,681e3c0d5571c3cd6e0f056b,desactivo
681e3c0d5571c3cd6e0f0594,bombilla,681e3c0d5571c3cd6e0f056b,activo
681e3c0d5571c3cd6e0f0598,bombilla,681e3c0d5571c3cd6e0f056b,activo
681e3c0d5571c3cd6e0f059c,cerradura,681e3c0d5571c3cd6e0f056b,activo
681e3c0d5571c3cd6e0f05a0,cerradura,681e3c0d5571c3cd6e0f056b,desactivo
681e3c0d5571c3cd6e0f05a4,cerradura,681e3c0d5571c3cd6e0f056b,activo
681e3c0d5571c3cd6e0f05a6,cerradura,681e3c0d5571c3cd6e0f056b,activo
681e3c0d5571c3cd6e0f05ab,cerradura,681e3c0d5571c3cd6e0f056b,activo
681e3c0d5571c3cd6e0f05ad,cerradura,681e3c0d5571c3cd6e0f056b,activo
681e3c0d5571c3cd6e0f05af,aspiradora,681e3c0d5571c3cd6e0f056b,activo
681e3c0d5571c3cd6e0f05b3,aspiradora,681e3c0d5571c3cd6e0f056b,desactivo
681e3c0d5571c3cd6e0f05b6,refrigerador,681e3c0d5571c3cd6e0f056b,desactivo
681e3c0d5571c3cd6e0f05bb,refrigerador,681e3c0d5571c3cd6e0f056b,desactivo
681e3c0d5571c3cd6e0f05bd,lavadora,681e3c0d5571c3cd6e0f056b,desactivo
681e3c0d5571c3cd6e0f05c2,aire_acondicionado,681e3c0d5571c3cd6e0f05c1,activo
681e3c0d5571c3cd6e0f05c4,aire_acondicionado,681e3c0d5571c3cd6e0f05c1,activo
681e3c0d5571c3cd6e0f05ca,aire_acondicionado,681e3c0d5571c3cd6e0f05c1,desactivo
681e3c0d5571c3cd6e0f05d0,bombilla,681e3c0d5571c3cd6e0f05c1,desactivo
681e3c0d5571c3cd6e0f05d2,bombilla,681e3c0d5571c3cd6e0f05c1,activo
681e3c0d5571c3cd6e0f05d8,bombilla,681e3c0d5571c3cd6e0f05c1,activo
681e3c0d5571c3cd6e0f05dc,bombilla,681e3c0d5571c3cd6e0f05c1,desactivo
681e3c0d5571c3cd6e0f05de,bombilla,681e3c0d5571c3cd6e0f05c1,desactivo
681e3c0d5571c3cd6e0f05e2,bombilla,681e3c0d5571c3cd6e0f05c1,activo
681e3c0d5571c3cd6e0f05e6,bombilla,681e3c0d5571c3cd6e0f05c1,desactivo
681e3c0d5571c3cd6e0f05e8,bombilla,681e3c0d5571c3cd6e0f05c1,desactivo
681e3c0d5571c3cd6e0f05ee,bombilla,681e3c0d5571c3cd6e0f05c1,desactivo
681e3c0d5571c3cd6e0f05f2,bombilla,681e3c0d5571c3cd6e0f05c1,activo
681e3c0d5571c3cd6e0f05f8,bombilla,681e3c0d5571c3cd6e0f05c1,activo
681e3c0d5571c3cd6e0f05fd,bombilla,681e3c0d5571c3cd6e0f05c1,desactivo
681e3c0d5571c3cd6e0f05ff,bombilla,681e3c0d5571c3cd6e0f05c1,desactivo
681e3c0d5571c3cd6e0f0604,bombilla,681e3c0d5571c3cd6e0f05c1,activo
681e3c0d5571c3cd6e0f060a,cerradura,681e3c0d5571c3cd6e0f05c1,desactivo
681e3c0d5571c3cd6e0f060d,cerradura,681e3c0d5571c3cd6e0f05c1,desactivo
681e3c0d5571c3cd6e0f0613,aspiradora,681e3c0d5571c3cd6e0f05c1,activo
681e3c0d5571c3cd6e0f0619,aspiradora,681e3c0d5571c3cd6e0f05c1,activo
681e3c0d5571c3cd6e0f061b,refrigerador,681e3c0d5571c3cd6e0f05c1,activo
681e3c0d5571c3cd6e0f0621,refrigerador,681e3c0d5571c3cd6e0f05c1,desactivo
681e3c0d5571c3cd6e0f0623,lavadora,681e3c0d5571c3cd6e0f05c1,desactivo
681e3c0d5571c3cd6e0f0626,lavadora,681e3c0d5571c3cd6e0f05c1,desactivo
681e3c0d5571c3cd6e0f062c,aire_acondicionado,681e3c0d5571c3cd6e0f062b,activo
681e3c0d5571c3cd6e0f062e,aire_acondicionado,681e3c0d5571c3cd6e0f062b,desactivo
681e3c0d5571c3cd6e0f0631,bombilla,681e3c0d5571c3cd6e0f062b,activo
681e3c0d5571c3cd6e0f0633,bombilla,681e3c0d5571c3cd6e0f062b,activo
681e3c0d5571c3cd6e0f0636,bombilla,681e3c0d5571c3cd6e0f062b,desactivo
681e3c0d5571c3cd6e0f0638,bombilla,681e3c0d5571c3cd6e0f062b,activo
681e3c0d5571c3cd6e0f063c,bombilla,681e3c0d5571c3cd6e0f062b,desactivo
681e3c0d5571c3cd6e0f063f,bombilla,681e3c0d5571c3cd6e0f062b,desactivo
681e3c0d5571c3cd6e0f0645,bombilla,681e3c0d5571c3cd6e0f062b,activo
681e3c0d5571c3cd6e0f064a,bombilla,681e3c0d5571c3cd6e0f062b,desactivo
681e3c0d5571c3cd6e0f064e,bombilla,681e3c0d5571c3cd6e0f062b,activo
681e3c0d5571c3cd6e0f0651,cerradura,681e3c0d5571c3cd6e0f062b,activo
681e3c0d5571c3cd6e0f0653,cerradura,681e3c0d5571c3cd6e0f062b,activo
681e3c0d5571c3cd6e0f0655,cerradura,681e3c0d5571c3cd6e0f062b,desactivo
681e3c0d5571c3cd6e0f065a,aspiradora,681e3c0d5571c3cd6e0f062b,activo
681e3c0d5571c3cd6e0f0660,aspiradora,681e3c0d5571c3cd6e0f062b,desactivo
681e3c0d5571c3cd6e0f0666,refrigerador,681e3c0d5571c3cd6e0f062b,desactivo
681e3c0d5571c3cd6e0f066b,lavadora,681e3c0d5571c3cd6e0f062b,activo
681e3c0d5571c3cd6e0f0672,aire_acondicionado,681e3c0d5571c3cd6e0f0671,desactivo
681e3c0d5571c3cd6e0f0677,aire_acondicionado,681e3c0d5571c3cd6e0f0671,desactivo
681e3c0d5571c3cd6e0f067b,bombilla,681e3c0d5571c3cd6e0f0671,desactivo
681e3c0d5571c3cd6e0f067d,bombilla,681e3c0d5571c3cd6e0f0671,desactivo
681e3c0d5571c3cd6e0f0682,bombilla,681e3c0d5571c3cd6e0f0671,desactivo
681e3c0d5571c3cd6e0f0686,bombilla,681e3c0d5571c3cd6e0f0671,desactivo
681e3c0d5571c3cd6e0f0689,bombilla,681e3c0d5571c3cd6e0f0671,activo
681e3c0d5571c3cd6e0f068c,bombilla,681e3c0d5571c3cd6e0f0671,desactivo
681e3c0d5571c3cd6e0f0691,bombilla,681e3c0d5571c3cd6e0f0671,activo
681e3c0d5571c3cd6e0f0697,bombilla,681e3c0d5571c3cd6e0f0671,desactivo
681e3c0d5571c3cd6e0f069c,bombilla,681e3c0d5571c3cd6e0f0671,desactivo
681e3c0d5571c3cd6e0f06a2,bombilla,681e3c0d5571c3cd6e0f0671,desactivo
681e3c0d5571c3cd6e0f06a8,bombilla,681e3c0d5571c3cd6e0f0671,desactivo
681e3c0d5571c3cd6e0f06ad,bombilla,681e3c0d5571c3cd6e0f0671,activo
681e3c0d5571c3cd6e0f06b2,bombilla,681e3c0d5571c3cd6e0f0671,desactivo
681e3c0d5571c3cd6e0f06b5,bombilla,681e3c0d5571c3cd6e0f0671,activo
681e3c0d5571c3cd6e0f06b9,bombilla,681e3c0d5571c3cd6e0f0671,desactivo
681e3c0d5571c3cd6e0f06bd,cerradura,681e3c0d5571c3cd6e0f0671,desactivo
681e3c0d5571c3cd6e0f06bf,cerradura,681e3c0d5571c3cd6e0f0671,activo
681e3c0d5571c3cd6e0f06c4,cerradura,681e3c0d5571c3cd6e0f0671,activo
681e3c0d5571c3cd6e0f06c7,aspiradora,681e3c0d5571c3cd6e0f0671,activo
681e3c0d5571c3cd6e0f06cb,refrigerador,681e3c0d5571c3cd6e0f0671,desactivo
681e3c0d5571c3cd6e0f06cd,refrigerador,681e3c0d5571c3cd6e0f0671,desactivo
681e3c0d5571c3cd6e0f06d3,lavadora,681e3c0d5571c3cd6e0f0671,activo
681e3c0d5571c3cd6e0f06d7,aire_acondicionado,681e3c0d5571c3cd6e0f06d6,desactivo
681e3c0d5571c3cd6e0f06dd,aire_acondicionado,681e3c0d5571c3cd6e0f06d6,desactivo
681e3c0d5571c3cd6e0f06df,bombilla,681e3c0d5571c3cd6e0f06d6,activo
681e3c0d5571c3cd6e0f06e1,bombilla,681e3c0d5571c3cd6e0f06d6,desactivo
681e3c0d5571c3cd6e0f06e3,bombilla,681e3c0d5571c3cd6e0f06d6,activo
681e3c0d5571c3cd6e0f06e7,bombilla,681e3c0d5571c3cd6e0f06d6,activo
681e3c0d5571c3cd6e0f06e9,bombilla,681e3c0d5571c3cd6e0f06d6,activo
681e3c0d5571c3cd6e0f06eb,bombilla,681e3c0d5571c3cd6e0f06d6,activo
681e3c0d5571c3cd6e0f06f0,bombilla,681e3c0d5571c3cd6e0f06d6,activo
681e3c0d5571c3cd6e0f06f3,bombilla,681e3c0d5571c3cd6e0f06d6,activo
681e3c0d5571c3cd6e0f06f9,bombilla,681e3c0d5571c3cd6e0f06d6,activo
681e3c0d5571c3cd6e0f06fd,bombilla,681e3c0d5571c3cd6e0f06d6,activo
681e3c0d5571c3cd6e0f0703,bombilla,681e3c0d5571c3cd6e0f06d6,desactivo
681e3c0d5571c3cd6e0f0707,bombilla,681e3c0d5571c3cd6e0f06d6,activo
681e3c0d5571c3cd6e0f0709,bombilla,681e3c0d5571c3cd6e0f06d6,activo
681e3c0d5571c3cd6e0f070e,bombilla,681e3c0d5571c3cd6e0f06d6,desactivo
681e3c0d5571c3cd6e0f0714,cerradura,681e3c0d5571c3cd6e0f06d6,activo
681e3c0d5571c3cd6e0f0718,cerradura,681e3c0d5571c3cd6e0f06d6,activo
681e3c0d5571c3cd6e0f071b,cerradura,681e3c0d5571c3cd6e0f06d6,desactivo
681e3c0d5571c3cd6e0f071d,cerradura,681e3c0d5571c3cd6e0f06d6,desactivo
681e3c0d5571c3cd6e0f0721,refrigerador,681e3c0d5571c3cd6e0f06d6,activo
681e3c0d5571c3cd6e0f0725,lavadora,681e3c0d5571c3cd6e0f06d6,desactivo
681e3c0d5571c3cd6e0f0727,lavadora,681e3c0d5571c3cd6e0f06d6,activo
681e3c0d5571c3cd6e0f072f,aire_acondicionado,681e3c0d5571c3cd6e0f072e,desactivo
681e3c0d5571c3cd6e0f0732,bombilla,681e3c0d5571c3cd6e0f072e,activo
681e3c0d5571c3cd6e0f0734,bombilla,681e3c0d5571c3cd6e0f072e,activo
681e3c0d5571c3cd6e0f0738,bombilla,681e3c0d5571c3cd6e0f072e,desactivo
681e3c0d5571c3cd6e0f073d,bombilla,681e3c0d5571c3cd6e0f072e,activo
681e3c0d5571c3cd6e0f0741,bombilla,681e3c0d5571c3cd6e0f072e,desactivo
681e3c0d5571c3cd6e0f0743,bombilla,681e3c0d5571c3cd6e0f072e,desactivo
681e3c0d5571c3cd6e0f0747,bombilla,681e3c0d5571c3cd6e0f072e,desactivo
681e3c0d5571c3cd6e0f074b,bombilla,681e3c0d5571c3cd6e0f072e,activo
681e3c0d5571c3cd6e0f074f,bombilla,681e3c0d5571c3cd6e0f072e,activo
681e3c0d5571c3cd6e0f0753,bombilla,681e3c0d5571c3cd6e0f072e,desactivo
681e3c0d5571c3cd6e0f0756,bombilla,681e3c0d5571c3cd6e0f072e,activo
681e3c0d5571c3cd6e0f075a,bombilla,681e3c0d5571c3cd6e0f072e,activo
681e3c0d5571c3cd6e0f075d,cerradura,681e3c0d5571c3cd6e0f072e,activo
681e3c0d5571c3cd6e0f0763,cerradura,681e3c0d5571c3cd6e0f072e,desactivo
681e3c0d5571c3cd6e0f0765,aspiradora,681e3c0d5571c3cd6e0f072e,desactivo
681e3c0d5571c3cd6e0f076a,aspiradora,681e3c0d5571c3cd6e0f072e,activo
681e3c0d5571c3cd6e0f0770,refrigerador,681e3c0d5571c3cd6e0f072e,desactivo
681e3c0d5571c3cd6e0f0774,refrigerador,681e3c0d5571c3cd6e0f072e,activo
681e3c0d5571c3cd6e0f0778,lavadora,681e3c0d5571c3cd6e0f072e,activo
681e3c0d5571c3cd6e0f077b,aire_acondicionado,681e3c0d5571c3cd6e0f077a,activo
681e3c0d5571c3cd6e0f077e,bombilla,681e3c0d5571c3cd6e0f077a,desactivo
681e3c0d5571c3cd6e0f0781,bombilla,681e3c0d5571c3cd6e0f077a,activo
681e3c0d5571c3cd6e0f0787,bombilla,681e3c0d5571c3cd6e0f077a,activo
681e3c0d5571c3cd6e0f078c,bombilla,681e3c0d5571c3cd6e0f077a,activo
681e3c0d5571c3cd6e0f0792,bombilla,681e3c0d5571c3cd6e0f077a,desactivo
681e3c0d5571c3cd6e0f0798,bombilla,681e3c0d5571c3cd6e0f077a,desactivo
681e3c0d5571c3cd6e0f079b,bombilla,681e3c0d5571c3cd6e0f077a,activo
681e3c0d5571c3cd6e0f079f,bombilla,681e3c0d5571c3cd6e0f077a,desactivo
681e3c0d5571c3cd6e0f07a4,bombilla,681e3c0d5571c3cd6e0f077a,activo
681e3c0d5571c3cd6e0f07a7,bombilla,681e3c0d5571c3cd6e0f077a,desactivo
681e3c0d5571c3cd6e0f07aa,bombilla,681e3c0d5571c3cd6e0f077a,desactivo
681e3c0d5571c3cd6e0f07ad,bombilla,681e3c0d5571c3cd6e0f077a,desactivo
681e3c0d5571c3cd6e0f07b2,bombilla,681e3c0d5571c3cd6e0f077a,desactivo
681e3c0d5571c3cd6e0f07b7,bombilla,681e3c0d5571c3cd6e0f077a,desactivo
681e3c0d5571c3cd6e0f07bb,bombilla,681e3c0d5571c3cd6e0f077a,activo
681e3c0d5571c3cd6e0f07c1,cerradura,681e3c0d5571c3cd6e0f077a,desactivo
681e3c0d5571c3cd6e0f07c4,cerradura,681e3c0d5571c3cd6e0f077a,desactivo
681e3c0d5571c3cd6e0f07c6,cerradura,681e3c0d5571c3cd6e0f077a,activo
681e3c0d5571c3cd6e0f07ca,aspiradora,681e3c0d5571c3cd6e0f077a,desactivo
681e3c0d5571c3cd6e0f07cd,refrigerador,681e3c0d5571c3cd6e0f077a,desactivo
681e3c0d5571c3cd6e0f07cf,refrigerador,681e3c0d5571c3cd6e0f077a,desactivo
681e3c0d5571c3cd6e0f07d2,lavadora,681e3c0d5571c3cd6e0f077a,desactivo
681e3c0d5571c3cd6e0f07d9,aire_acondicionado,681e3c0d5571c3cd6e0f07d8,desactivo
681e3c0d5571c3cd6e0f07df,bombilla,681e3c0d5571c3cd6e0f07d8,desactivo
681e3c0d5571c3cd6e0f07e1,bombilla,681e3c0d5571c3cd6e0f07d8,activo
681e3c0d5571c3cd6e0f07e7,bombilla,681e3c0d5571c3cd6e0f07d8,activo
681e3c0d5571c3cd6e0f07e9,bombilla,681e3c0d5571c3cd6e0f07d8,activo
681e3c0d5571c3cd6e0f07ec,bombilla,681e3c0d5571c3cd6e0f07d8,desactivo
681e3c0d5571c3cd6e0f07f0,bombilla,681e3c0d5571c3cd6e0f07d8,activo
681e3c0d5571c3cd6e0f07f6,bombilla,681e3c0d5571c3cd6e0f07d8,desactivo
681e3c0d5571c3cd6e0f07f9,bombilla,681e3c0d5571c3cd6e0f07d8,activo
681e3c0d5571c3cd6e0f07fe,bombilla,681e3c0d5571c3cd6e0f07d8,desactivo
681e3c0d5571c3cd6e0f0802,bombilla,681e3c0d5571c3cd6e0f07d8,activo
681e3c0d5571c3cd6e0f0806,bombilla,681e3c0d5571c3cd6e0f07d8,activo
681e3c0d5571c3cd6e0f080a,cerradura,681e3c0d5571c3cd6e0f07d8,activo
681e3c0d5571c3cd6e0f080e,cerradura,681e3c0d5571c3cd6e0f07d8,desactivo
681e3c0d5571c3cd6e0f0813,cerradura,681e3c0d5571c3cd6e0f07d8,activo
681e3c0d5571c3cd6e0f0817,aspiradora,681e3c0d5571c3cd6e0f07d8,activo
681e3c0d5571c3cd6e0f081c,refrigerador,681e3c0d5571c3cd6e0f07d8,activo
681e3c0d5571c3cd6e0f0821,lavadora,681e3c0d5571c3cd6e0f07d8,activo
681e3c0d5571c3cd6e0f0825,lavadora,681e3c0d5571c3cd6e0f07d8,activo
681e3c0d5571c3cd6e0f082d,aire_acondicionado,681e3c0d5571c3cd6e0f082c,activo
681e3c0d5571c3cd6e0f082f,bombilla,681e3c0d5571c3cd6e0f082c,desactivo
681e3c0d5571c3cd6e0f0835,bombilla,681e3c0d5571c3cd6e0f082c,desactivo
681e3c0d5571c3cd6e0f0837,bombilla,681e3c0d5571c3cd6e0f082c,activo
681e3c0d5571c3cd6e0f083b,bombilla,681e3c0d5571c3cd6e0f082c,activo
681e3c0d5571c3cd6e0f083d,bombilla,681e3c0d5571c3cd6e0f082c,activo
681e3c0d5571c3cd6e0f0841,bombilla,681e3c0d5571c3cd6e0f082c,desactivo
681e3c0d5571c3cd6e0f0847,bombilla,681e3c0d5571c3cd6e0f082c,desactivo
681e3c0d5571c3cd6e0f084a,bombilla,681e3c0d5571c3cd6e0f082c,activo
681e3c0d5571c3cd6e0f084e,bombilla,681e3c0d5571c3cd6e0f082c,desactivo
681e3c0d5571c3cd6e0f0851,bombilla,681e3c0d5571c3cd6e0f082c,desactivo
681e3c0d5571c3cd6e0f0853,bombilla,681e3c0d5571c3cd6e0f082c,desactivo
681e3c0d5571c3cd6e0f0856,bombilla,681e3c0d5571c3cd6e0f082c,desactivo
681e3c0d5571c3cd6e0f085c,bombilla,681e3c0d5571c3cd6e0f082c,activo
681e3c0d5571c3cd6e0f0862,bombilla,681e3c0d5571c3cd6e0f082c,activo
681e3c0d5571c3cd6e0f0864,cerradura,681e3c0d5571c3cd6e0f082c,activo
681e3c0d5571c3cd6e0f086a,cerradura,681e3c0d5571c3cd6e0f082c,activo
681e3c0d5571c3cd6e0f086d,cerradura,681e3c0d5571c3cd6e0f082c,activo
681e3c0d5571c3cd6e0f086f,cerradura,681e3c0d5571c3cd6e0f082c,activo
681e3c0d5571c3cd6e0f0875,aspiradora,681e3c0d5571c3cd6e0f082c,activo
681e3c0d5571c3cd6e0f0877,refrigerador,681e3c0d5571c3cd6e0f082c,activo
681e3c0d5571c3cd6e0f087a,refrigerador,681e3c0d5571c3cd6e0f082c,activo
681e3c0d5571c3cd6e0f087d,lavadora,681e3c0d5571c3cd6e0f082c,activo
681e3c0d5571c3cd6e0f0883,aire_acondicionado,681e3c0d5571c3cd6e0f0882,activo
681e3c0d5571c3cd6e0f0889,aire_acondicionado,681e3c0d5571c3cd6e0f0882,desactivo
681e3c0d5571c3cd6e0f088e,bombilla,681e3c0d5571c3cd6e0f0882,activo
681e3c0d5571c3cd6e0f0892,bombilla,681e3c0d5571c3cd6e0f0882,activo
681e3c0d5571c3cd6e0f0896,bombilla,681e3c0d5571c3cd6e0f0882,activo
681e3c0d5571c3cd6e0f089a,bombilla,681e3c0d5571c3cd6e0f0882,desactivo
681e3c0d5571c3cd6e0f089e,bombilla,681e3c0d5571c3cd6e0f0882,activo
681e3c0d5571c3cd6e0f08a1,bombilla,681e3c0d5571c3cd6e0f0882,desactivo
681e3c0d5571c3cd6e0f08a6,bombilla,681e3c0d5571c3cd6e0f0882,activo
681e3c0d5571c3cd6e0f08ab,bombilla,681e3c0d5571c3cd6e0f0882,desactivo
681e3c0d5571c3cd6e0f08b1,bombilla,681e3c0d5571c3cd6e0f0882,activo
681e3c0d5571c3cd6e0f08b4,bombilla,681e3c0d5571c3cd6e0f0882,desactivo
681e3c0d5571c3cd6e0f08b7,cerradura,681e3c0d5571c3cd6e0f0882,desactivo
681e3c0d5571c3cd6e0f08b9,cerradura,681e3c0d5571c3cd6e0f0882,desactivo
681e3c0d5571c3cd6e0f08bf,cerradura,681e3c0d5571c3cd6e0f0882,activo
681e3c0d5571c3cd6e0f08c2,cerradura,681e3c0d5571c3cd6e0f0882,activo
681e3c0d5571c3cd6e0f08c8,cerradura,681e3c0d5571c3cd6e0f0882,activo
681e3c0d5571c3cd6e0f08cb,aspiradora,681e3c0d5571c3cd6e0f0882,activo
681e3c0d5571c3cd6e0f08d0,refrigerador,681e3c0d5571c3cd6e0f0882,desactivo
681e3c0d5571c3cd6e0f08d6,refrigerador,681e3c0d5571c3cd6e0f0882,activo
681e3c0d5571c3cd6e0f08db,lavadora,681e3c0d5571c3cd6e0f0882,desactivo
681e3c0d5571c3cd6e0f08e3,aire_acondicionado,681e3c0d5571c3cd6e0f08e2,desactivo
681e3c0d5571c3cd6e0f08e6,bombilla,681e3c0d5571c3cd6e0f08e2,activo
681e3c0d5571c3cd6e0f08ec,bombilla,681e3c0d5571c3cd6e0f08e2,desactivo
681e3c0d5571c3cd6e0f08ef,bombilla,681e3c0d5571c3cd6e0f08e2,desactivo
681e3c0d5571c3cd6e0f08f1,bombilla,681e3c0d5571c3cd6e0f08e2,desactivo
681e3c0d5571c3cd6e0f08f3,bombilla,681e3c0d5571c3cd6e0f08e2,activo
681e3c0d5571c3cd6e0f08f6,cerradura,681e3c0d5571c3cd6e0f08e2,desactivo
681e3c0d5571c3cd6e0f08fc,cerradura,681e3c0d5571c3cd6e0f08e2,desactivo
681e3c0d5571c3cd6e0f08ff,aspiradora,681e3c0d5571c3cd6e0f08e2,desactivo
681e3c0d5571c3cd6e0f0902,aspiradora,681e3c0d5571c3cd6e0f08e2,desactivo
681e3c0d5571c3cd6e0f0905,refrigerador,681e3c0d5571c3cd6e0f08e2,desactivo
681e3c0d5571c3cd6e0f090b,lavadora,681e3c0d5571c3cd6e0f08e2,desactivo
681e3c0d5571c3cd6e0f0911,aire_acondicionado,681e3c0d5571c3cd6e0f0910,desactivo
681e3c0d5571c3cd6e0f0915,aire_acondicionado,681e3c0d5571c3cd6e0f0910,activo
681e3c0d5571c3cd6e0f091b,aire_acondicionado,681e3c0d5571c3cd6e0f0910,desactivo
681e3c0d5571c3cd6e0f091d,bombilla,681e3c0d5571c3cd6e0f0910,desactivo
681e3c0d5571c3cd6e0f0920,bombilla,681e3c0d5571c3cd6e0f0910,activo
681e3c0d5571c3cd6e0f0923,bombilla,681e3c0d5571c3cd6e0f0910,activo
681e3c0d5571c3cd6e0f0926,bombilla,681e3c0d5571c3cd6e0f0910,activo
681e3c0d5571c3cd6e0f092c,bombilla,681e3c0d5571c3cd6e0f0910,desactivo
681e3c0d5571c3cd6e0f0931,bombilla,681e3c0d5571c3cd6e0f0910,activo
681e3c0d5571c3cd6e0f0937,bombilla,681e3c0d5571c3cd6e0f0910,desactivo
681e3c0d5571c3cd6e0f093d,bombilla,681e3c0d5571c3cd6e0f0910,activo
681e3c0d5571c3cd6e0f0942,bombilla,681e3c0d5571c3cd6e0f0910,activo
681e3c0d5571c3cd6e0f0947,bombilla,681e3c0d5571c3cd6e0f0910,desactivo
681e3c0d5571c3cd6e0f094b,bombilla,681e3c0d5571c3cd6e0f0910,activo
681e3c0d5571c3cd6e0f0951,bombilla,681e3c0d5571c3cd6e0f0910,desactivo
681e3c0d5571c3cd6e0f0956,bombilla,681e3c0d5571c3cd6e0f0910,desactivo
681e3c0d5571c3cd6e0f095a,bombilla,681e3c0d5571c3cd6e0f0910,desactivo
681e3c0d5571c3cd6e0f0960,cerradura,681e3c0d5571c3cd6e0f0910,activo
681e3c0d5571c3cd6e0f0963,cerradura,681e3c0d5571c3cd6e0f0910,desactivo
681e3c0d5571c3cd6e0f0965,aspiradora,681e3c0d5571c3cd6e0f0910,desactivo
681e3c0d5571c3cd6e0f096a,refrigerador,681e3c0d5571c3cd6e0f0910,activo
681e3c0d5571c3cd6e0f0970,lavadora,681e3c0d5571c3cd6e0f0910,desactivo
681e3c0d5571c3cd6e0f0976,lavadora,681e3c0d5571c3cd6e0f0910,desactivo
681e3c0d5571c3cd6e0f097c,aire_acondicionado,681e3c0d5571c3cd6e0f097b,desactivo
681e3c0d5571c3cd6e0f0980,bombilla,681e3c0d5571c3cd6e0f097b,desactivo
681e3c0d5571c3cd6e0f0983,bombilla,681e3c0d5571c3cd6e0f097b,activo
681e3c0d5571c3cd6e0f0988,bombilla,681e3c0d5571c3cd6e0f097b,activo
681e3c0d5571c3cd6e0f098d,bombilla,681e3c0d5571c3cd6e0f097b,desactivo
681e3c0d5571c3cd6e0f098f,bombilla,681e3c0d5571c3cd6e0f097b,activo
681e3c0d5571c3cd6e0f0992,bombilla,681e3c0d5571c3cd6e0f097b,activo
681e3c0d5571c3cd6e0f0994,bombilla,681e3c0d5571c3cd6e0f097b,desactivo
681e3c0d5571c3cd6e0f0999,bombilla,681e3c0d5571c3cd6e0f097b,desactivo
681e3c0d5571c3cd6e0f099f,bombilla,681e3c0d5571c3cd6e0f097b,activo
681e3c0d5571c3cd6e0f09a1,cerradura,681e3c0d5571c3cd6e0f097b,activo
681e3c0d5571c3cd6e0f09a7,cerradura,681e3c0d5571c3cd6e0f097b,activo
681e3c0d5571c3cd6e0f09ab,cerradura,681e3c0d5571c3cd6e0f097b,desactivo
681e3c0d5571c3cd6e0f09b1,cerradura,681e3c0d5571c3cd6e0f097b,desactivo
681e3c0d5571c3cd6e0f09b3,cerradura,681e3c0d5571c3cd6e0f097b,desactivo
681e3c0d5571c3cd6e0f09b5,refrigerador,681e3c0d5571c3cd6e0f097b,desactivo
681e3c0d5571c3cd6e0f09b8,lavadora,681e3c0d5571c3cd6e0f097b,activo
681e3c0d5571c3cd6e0f09bd,aire_acondicionado,681e3c0d5571c3cd6e0f09bc,activo
681e3c0d5571c3cd6e0f09c2,bombilla,681e3c0d5571c3cd6e0f09bc,desactivo
681e3c0d5571c3cd6e0f09c7,bombilla,681e3c0d5571c3cd6e0f09bc,activo
681e3c0d5571c3cd6e0f09ca,bombilla,681e3c0d5571c3cd6e0f09bc,desactivo
681e3c0d5571c3cd6e0f09cc,bombilla,681e3c0d5571c3cd6e0f09bc,desactivo
681e3c0d5571c3cd6e0f09d0,bombilla,681e3c0d5571c3cd6e0f09bc,activo
681e3c0d5571c3cd6e0f09d4,bombilla,681e3c0d5571c3cd6e0f09bc,activo
681e3c0d5571c3cd6e0f09d7,cerradura,681e3c0d5571c3cd6e0f09bc,activo
681e3c0d5571c3cd6e0f09da,cerradura,681e3c0d5571c3cd6e0f09bc,desactivo
681e3c0d5571c3cd6e0f09dd,cerradura,681e3c0d5571c3cd6e0f09bc,activo
681e3c0d5571c3cd6e0f09e3,cerradura,681e3c0d5571c3cd6e0f09bc,desactivo
681e3c0d5571c3cd6e0f09e9,aspiradora,681e3c0d5571c3cd6e0f09bc,desactivo
681e3c0d5571c3cd6e0f09eb,refrigerador,681e3c0d5571c3cd6e0f09bc,activo
681e3c0d5571c3cd6e0f09f1,lavadora,681e3c0d5571c3cd6e0f09bc,activo
681e3c0d5571c3cd6e0f09f3,lavadora,681e3c0d5571c3cd6e0f09bc,desactivo
681e3c0d5571c3cd6e0f09fb,aire_acondicionado,681e3c0d5571c3cd6e0f09fa,desactivo
681e3c0d5571c3cd6e0f09fe,bombilla,681e3c0d5571c3cd6e0f09fa,activo
681e3c0d5571c3cd6e0f0a02,bombilla,681e3c0d5571c3cd6e0f09fa,activo
681e3c0d5571c3cd6e0f0a07,bombilla,681e3c0d5571c3cd6e0f09fa,desactivo
681e3c0d5571c3cd6e0f0a0a,bombilla,681e3c0d5571c3cd6e0f09fa,desactivo
681e3c0d5571c3cd6e0f0a0e,bombilla,681e3c0d5571c3cd6e0f09fa,activo
681e3c0d5571c3cd6e0f0a12,bombilla,681e3c0d5571c3cd6e0f09fa,desactivo
681e3c0d5571c3cd6e0f0a16,bombilla,681e3c0d5571c3cd6e0f09fa,desactivo
681e3c0d5571c3cd6e0f0a1b,bombilla,681e3c0d5571c3cd6e0f09fa,activo
681e3c0d5571c3cd6e0f0a21,bombilla,681e3c0d5571c3cd6e0f09fa,activo
681e3c0d5571c3cd6e0f0a27,bombilla,681e3c0d5571c3cd6e0f09fa,activo
681e3c0d5571c3cd6e0f0a2b,bombilla,681e3c0d5571c3cd6e0f09fa,desactivo
681e3c0d5571c3cd6e0f0a2f,bombilla,681e3c0d5571c3cd6e0f09fa,desactivo
681e3c0d5571c3cd6e0f0a32,bombilla,681e3c0d5571c3cd6e0f09fa,desactivo
681e3c0d5571c3cd6e0f0a37,bombilla,681e3c0d5571c3cd6e0f09fa,desactivo
681e3c0d5571c3cd6e0f0a3c,cerradura,681e3c0d5571c3cd6e0f09fa,activo
681e3c0d5571c3cd6e0f0a40,aspiradora,681e3c0d5571c3cd6e0f09fa,activo
681e3c0d5571c3cd6e0f0a42,aspiradora,681e3c0d5571c3cd6e0f09fa,activo
681e3c0d5571c3cd6e0f0a44,refrigerador,681e3c0d5571c3cd6e0f09fa,desactivo
681e3c0d5571c3cd6e0f0a48,refrigerador,681e3c0d5571c3cd6e0f09fa,activo
681e3c0d5571c3cd6e0f0a4d,lavadora,681e3c0d5571c3cd6e0f09fa,activo
681e3c0d5571c3cd6e0f0a4f,lavadora,681e3c0d5571c3cd6e0f09fa,desactivo
681e3c0d5571c3cd6e0f0a55,aire_acondicionado,681e3c0d5571c3cd6e0f0a54,activo
681e3c0d5571c3cd6e0f0a57,bombilla,681e3c0d5571c3cd6e0f0a54,desactivo
681e3c0d5571c3cd6e0f0a5d,bombilla,681e3c0d5571c3cd6e0f0a54,desactivo
681e3c0d5571c3cd6e0f0a62,bombilla,681e3c0d5571c3cd6e0f0a54,desactivo
681e3c0d5571c3cd6e0f0a66,bombilla,681e3c0d5571c3cd6e0f0a54,desactivo
681e3c0d5571c3cd6e0f0a6c,bombilla,681e3c0d5571c3cd6e0f0a54,desactivo
681e3c0d5571c3cd6e0f0a72,bombilla,681e3c0d5571c3cd6e0f0a54,activo
681e3c0d5571c3cd6e0f0a78,bombilla,681e3c0d5571c3cd6e0f0a54,desactivo
681e3c0d5571c3cd6e0f0a7a,bombilla,681e3c0d5571c3cd6e0f0a54,desactivo
681e3c0d5571c3cd6e0f0a80,cerradura,681e3c0d5571c3cd6e0f0a54,desactivo
681e3c0d5571c3cd6e0f0a86,cerradura,681e3c0d5571c3cd6e0f0a54,activo
681e3c0d5571c3cd6e0f0a88,cerradura,681e3c0d5571c3cd6e0f0a54,activo
681e3c0d5571c3cd6e0f0a8a,refrigerador,681e3c0d5571c3cd6e0f0a54,activo
681e3c0d5571c3cd6e0f0a8c,lavadora,681e3c0d5571c3cd6e0f0a54,desactivo
681e3c0d5571c3cd6e0f0a93,aire_acondicionado,681e3c0d5571c3cd6e0f0a92,desactivo
681e3c0d5571c3cd6e0f0a99,aire_acondicionado,681e3c0d5571c3cd6e0f0a92,desactivo
681e3c0d5571c3cd6e0f0a9c,aire_acondicionado,681e3c0d5571c3cd6e0f0a92,desactivo
681e3c0d5571c3cd6e0f0aa2,bombilla,681e3c0d5571c3cd6e0f0a92,activo
681e3c0d5571c3cd6e0f0aa7,bombilla,681e3c0d5571c3cd6e0f0a92,desactivo
681e3c0d5571c3cd6e0f0aad,bombilla,681e3c0d5571c3cd6e0f0a92,activo
681e3c0d5571c3cd6e0f0ab0,bombilla,681e3c0d5571c3cd6e0f0a92,activo
681e3c0d5571c3cd6e0f0ab5,bombilla,681e3c0d5571c3cd6e0f0a92,activo
681e3c0d5571c3cd6e0f0ab9,bombilla,681e3c0d5571c3cd6e0f0a92,activo
681e3c0d5571c3cd6e0f0abd,bombilla,681e3c0d5571c3cd6e0f0a92,desactivo
681e3c0d5571c3cd6e0f0ac2,cerradura,681e3c0d5571c3cd6e0f0a92,activo
681e3c0d5571c3cd6e0f0ac5,cerradura,681e3c0d5571c3cd6e0f0a92,activo
681e3c0d5571c3cd6e0f0ac7,cerradura,681e3c0d5571c3cd6e0f0a92,desactivo
681e3c0d5571c3cd6e0f0acc,cerradura,681e3c0d5571c3cd6e0f0a92,activo
681e3c0d5571c3cd6e0f0ad2,aspiradora,681e3c0d5571c3cd6e0f0a92,activo
681e3c0d5571c3cd6e0f0ad4,aspiradora,681e3c0d5571c3cd6e0f0a92,desactivo
681e3c0d5571c3cd6e0f0ad9,refrigerador,681e3c0d5571c3cd6e0f0a92,desactivo
681e3c0d5571c3cd6e0f0adc,refrigerador,681e3c0d5571c3cd6e0f0a92,activo
681e3c0d5571c3cd6e0f0ae1,lavadora,681e3c0d5571c3cd6e0f0a92,activo
681e3c0d5571c3cd6e0f0ae3,lavadora,681e3c0d5571c3cd6e0f0a92,activo
681e3c0d5571c3cd6e0f0aea,aire_acondicionado,681e3c0d5571c3cd6e0f0ae9,desactivo
681e3c0d5571c3cd6e0f0aec,bombilla,681e3c0d5571c3cd6e0f0ae9,activo
681e3c0d5571c3cd6e0f0af2,bombilla,681e3c0d5571c3cd6e0f0ae9,activo
681e3c0d5571c3cd6e0f0af6,bombilla,681e3c0d5571c3cd6e0f0ae9,activo
681e3c0d5571c3cd6e0f0afa,bombilla,681e3c0d5571c3cd6e0f0ae9,activo
681e3c0d5571c3cd6e0f0afd,bombilla,681e3c0d5571c3cd6e0f0ae9,desactivo
681e3c0d5571c3cd6e0f0b00,bombilla,681e3c0d5571c3cd6e0f0ae9,activo
681e3c0d5571c3cd6e0f0b06,bombilla,681e3c0d5571c3cd6e0f0ae9,desactivo
681e3c0d5571c3cd6e0f0b0a,bombilla,681e3c0d5571c3cd6e0f0ae9,desactivo
681e3c0d5571c3cd6e0f0b0d,bombilla,681e3c0d5571c3cd6e0f0ae9,desactivo
681e3c0d5571c3cd6e0f0b12,bombilla,681e3c0d5571c3cd6e0f0ae9,desactivo
681e3c0d5571c3cd6e0f0b14,cerradura,681e3c0d5571c3cd6e0f0ae9,activo
681e3c0d5571c3cd6e0f0b16,cerradura,681e3c0d5571c3cd6e0f0ae9,desactivo
681e3c0d5571c3cd6e0f0b19,cerradura,681e3c0d5571c3cd6e0f0ae9,desactivo
681e3c0d5571c3cd6e0f0b1e,cerradura,681e3c0d5571c3cd6e0f0ae9,desactivo
681e3c0d5571c3cd6e0f0b24,cerradura,681e3c0d5571c3cd6e0f0ae9,activo
681e3c0d5571c3cd6e0f0b26,aspiradora,681e3c0d5571c3cd6e0f0ae9,activo
681e3c0d5571c3cd6e0f0b2c,aspiradora,681e3c0d5571c3cd6e0f0ae9,desactivo
681e3c0d5571c3cd6e0f0b30,refrigerador,681e3c0d5571c3cd6e0f0ae9,activo
681e3c0d5571c3cd6e0f0b35,refrigerador,681e3c0d5571c3cd6e0f0ae9,activo
681e3c0d5571c3cd6e0f0b38,lavadora,681e3c0d5571c3cd6e0f0ae9,activo
681e3c0d5571c3cd6e0f0b3e,aire_acondicionado,681e3c0d5571c3cd6e0f0b3d,desactivo
681e3c0d5571c3cd6e0f0b41,bombilla,681e3c0d5571c3cd6e0f0b3d,desactivo
681e3c0d5571c3cd6e0f0b43,bombilla,681e3c0d5571c3cd6e0f0b3d,activo
681e3c0d5571c3cd6e0f0b46,bombilla,681e3c0d5571c3cd6e0f0b3d,desactivo
681e3c0d5571c3cd6e0f0b4c,bombilla,681e3c0d5571c3cd6e0f0b3d,activo
681e3c0d5571c3cd6e0f0b4f,bombilla,681e3c0d5571c3cd6e0f0b3d,activo
681e3c0d5571c3cd6e0f0b53,bombilla,681e3c0d5571c3cd6e0f0b3d,activo
681e3c0d5571c3cd6e0f0b59,cerradura,681e3c0d5571c3cd6e0f0b3d,activo
681e3c0d5571c3cd6e0f0b5f,cerradura,681e3c0d5571c3cd6e0f0b3d,activo
681e3c0d5571c3cd6e0f0b64,aspiradora,681e3c0d5571c3cd6e0f0b3d,desactivo
681e3c0d5571c3cd6e0f0b69,refrigerador,681e3c0d5571c3cd6e0f0b3d,activo
681e3c0d5571c3cd6e0f0b6d,refrigerador,681e3c0d5571c3cd6e0f0b3d,activo
681e3c0d5571c3cd6e0f0b71,lavadora,681e3c0d5571c3cd6e0f0b3d,activo
681e3c0d5571c3cd6e0f0b75,lavadora,681e3c0d5571c3cd6e0f0b3d,activo
681e3c0d5571c3cd6e0f0b7a,aire_acondicionado,681e3c0d5571c3cd6e0f0b79,desactivo
681e3c0d5571c3cd6e0f0b7e,aire_acondicionado,681e3c0d5571c3cd6e0f0b79,desactivo
681e3c0d5571c3cd6e0f0b82,bombilla,681e3c0d5571c3cd6e0f0b79,desactivo
681e3c0d5571c3cd6e0f0b88,bombilla,681e3c0d5571c3cd6e0f0b79,desactivo
681e3c0d5571c3cd6e0f0b8c,bombilla,681e3c0d5571c3cd6e0f0b79,desactivo
681e3c0d5571c3cd6e0f0b8e,bombilla,681e3c0d5571c3cd6e0f0b79,desactivo
681e3c0d5571c3cd6e0f0b91,bombilla,681e3c0d5571c3cd6e0f0b79,desactivo
681e3c0d5571c3cd6e0f0b97,bombilla,681e3c0d5571c3cd6e0f0b79,activo
681e3c0d5571c3cd6e0f0b9b,cerradura,681e3c0d5571c3cd6e0f0b79,desactivo
681e3c0d5571c3cd6e0f0ba1,cerradura,681e3c0d5571c3cd6e0f0b79,activo
681e3c0d5571c3cd6e0f0ba7,cerradura,681e3c0d5571c3cd6e0f0b79,activo
681e3c0d5571c3cd6e0f0bab,cerradura,681e3c0d5571c3cd6e0f0b79,activo
681e3c0d5571c3cd6e0f0bad,refrigerador,681e3c0d5571c3cd6e0f0b79,activo
681e3c0d5571c3cd6e0f0bb2,lavadora,681e3c0d5571c3cd6e0f0b79,activo
681e3c0d5571c3cd6e0f0bb6,lavadora,681e3c0d5571c3cd6e0f0b79,activo
681e3c0d5571c3cd6e0f0bbd,aire_acondicionado,681e3c0d5571c3cd6e0f0bbc,desactivo
681e3c0d5571c3cd6e0f0bbf,bombilla,681e3c0d5571c3cd6e0f0bbc,desactivo
681e3c0d5571c3cd6e0f0bc3,bombilla,681e3c0d5571c3cd6e0f0bbc,activo
681e3c0d5571c3cd6e0f0bc5,bombilla,681e3c0d5571c3cd6e0f0bbc,desactivo
681e3c0d5571c3cd6e0f0bc9,bombilla,681e3c0d5571c3cd6e0f0bbc,activo
681e3c0d5571c3cd6e0f0bcd,bombilla,681e3c0d5571c3cd6e0f0bbc,desactivo
681e3c0d5571c3cd6e0f0bd2,bombilla,681e3c0d5571c3cd6e0f0bbc,desactivo
681e3c0d5571c3cd6e0f0bd7,bombilla,681e3c0d5571c3cd6e0f0bbc,activo
681e3c0d5571c3cd6e0f0bdd,cerradura,681e3c0d5571c3cd6e0f0bbc,desactivo
681e3c0d5571c3cd6e0f0be1,cerradura,681e3c0d5571c3cd6e0f0bbc,activo
681e3c0d5571c3cd6e0f0be6,aspiradora,681e3c0d5571c3cd6e0f0bbc,desactivo
681e3c0d5571c3cd6e0f0be9,aspiradora,681e3c0d5571c3cd6e0f0bbc,activo
681e3c0d5571c3cd6e0f0bef,refrigerador,681e3c0d5571c3cd6e0f0bbc,desactivo
681e3c0d5571c3cd6e0f0bf4,refrigerador,681e3c0d5571c3cd6e0f0bbc,desactivo
681e3c0d5571c3cd6e0f0bfa,lavadora,681e3c0d5571c3cd6e0f0bbc,activo
681e3c0d5571c3cd6e0f0c01,aire_acondicionado,681e3c0d5571c3cd6e0f0c00,desactivo
681e3c0d5571c3cd6e0f0c04,aire_acondicionado,681e3c0d5571c3cd6e0f0c00,activo
681e3c0d5571c3cd6e0f0c06,bombilla,681e3c0d5571c3cd6e0f0c00,activo
681e3c0d5571c3cd6e0f0c0a,bombilla,681e3c0d5571c3cd6e0f0c00,desactivo
681e3c0d5571c3cd6e0f0c0f,bombilla,681e3c0d5571c3cd6e0f0c00,activo
681e3c0d5571c3cd6e0f0c12,bombilla,681e3c0d5571c3cd6e0f0c00,activo
681e3c0d5571c3cd6e0f0c17,bombilla,681e3c0d5571c3cd6e0f0c00,desactivo
681e3c0d5571c3cd6e0f0c1d,bombilla,681e3c0d5571c3cd6e0f0c00,activo
681e3c0d5571c3cd6e0f0c21,bombilla,681e3c0d5571c3cd6e0f0c00,activo
681e3c0d5571c3cd6e0f0c25,bombilla,681e3c0d5571c3cd6e0f0c00,desactivo
681e3c0d5571c3cd6e0f0c28,bombilla,681e3c0d5571c3cd6e0f0c00,desactivo
681e3c0d5571c3cd6e0f0c2c,bombilla,681e3c0d5571c3cd6e0f0c00,desactivo
681e3c0d5571c3cd6e0f0c30,bombilla,681e3c0d5571c3cd6e0f0c00,activo
681e3c0d5571c3cd6e0f0c36,cerradura,681e3c0d5571c3cd6e0f0c00,desactivo
681e3c0d5571c3cd6e0f0c3c,cerradura,681e3c0d5571c3cd6e0f0c00,activo
681e3c0d5571c3cd6e0f0c3e,cerradura,681e3c0d5571c3cd6e0f0c00,activo
681e3c0d5571c3cd6e0f0c42,cerradura,681e3c0d5571c3cd6e0f0c00,desactivo
681e3c0d5571c3cd6e0f0c48,refrigerador,681e3c0d5571c3cd6e0f0c00,desactivo
681e3c0d5571c3cd6e0f0c4a,refrigerador,681e3c0d5571c3cd6e0f0c00,desactivo
681e3c0d5571c3cd6e0f0c4e,lavadora,681e3c0d5571c3cd6e0f0c00,desactivo
681e3c0d5571c3cd6e0f0c50,lavadora,681e3c0d5571c3cd6e0f0c00,activo
